url,availability
https://www.ozon.ru/product/kruassan-s-syrom-i-vetchinoy-110-g-miratorg-383982855/,1
https://www.ozon.ru/product/onigiri-s-forelyu-spaysi-100-g-i-like-eat-1485489959/,1
https://www.ozon.ru/product/borshch-s-govyadinoy-300-g-ozon-fresh-1650444606/,1
https://www.ozon.ru/product/blinchiki-domashnie-180-g-ozon-fresh-397356460/,1
https://www.ozon.ru/product/syrniki-klassicheskie-100-g-ekoniva-1970696817/,1
https://www.ozon.ru/product/blinchiki-s-tvorogom-180-g-ekoniva-1970696884/,1
https://www.ozon.ru/product/humus-s-kedrovymi-oreshkami-amfud-200-g-405117665/,1
https://www.ozon.ru/product/blinchiki-s-syrom-160-g-ekoniva-1970697027/,1
https://www.ozon.ru/product/salat-seld-pod-shuboy-250-g-creative-kitchen-284200317/,1
https://www.ozon.ru/product/salat-bavarskiy-s-vetchinoy-200-g-kak-vkusno-1364991450/,1
https://www.ozon.ru/product/sup-s-kurinymi-frikadelkami-i-pastoy-300-g-ozon-fresh-1650444596/,1
https://www.ozon.ru/product/sup-lapsha-s-kuritsey-300-g-creative-kitchen-284200356/,1
https://www.ozon.ru/product/sous-teriyaki-icancook-naturalnyy-1-sht-120-ml-1404889395/,1
https://www.ozon.ru/product/chiabatta-s-vetchinoy-i-gorchichnym-sousom-190-g-miratorg-383982858/,1
https://www.ozon.ru/product/salat-iz-svezhey-kapusty-s-ogurtsom-150-g-ozon-fresh-1999288190/,1
https://www.ozon.ru/product/zakuska-iz-chechevitsy-dal-amfud-200-g-401817117/,1
https://www.ozon.ru/product/salat-svekolnyy-s-gretskim-orehom-200-g-creative-kitchen-400767146/,1
https://www.ozon.ru/product/onigiri-s-krevetkoy-110-g-i-like-eat-1688830464/,1
https://www.ozon.ru/product/humus-s-gribami-amfud-200-g-645318168/,1
https://www.ozon.ru/product/nabor-dlya-okroshki-s-kolbasoy-160-g-creative-kitchen-988933442/,1
https://www.ozon.ru/product/shashlyk-kurinyy-s-kartofelem-280-g-domashniy-ochag-1613237371/,1
https://www.ozon.ru/product/sous-salsa-icancook-naturalnyy-s-pomidorami-i-bazilikom-1-sht-120-ml-1404889261/,1
https://www.ozon.ru/product/humus-retsept-iz-ierusalima-300-g-sababa-143376556/,1
https://www.ozon.ru/product/salat-olive-creative-kitchen-250-g-284200365/,1
https://www.ozon.ru/product/humus-ostryy-s-paprikoy-amfud-200-g-405099004/,1
https://www.ozon.ru/product/shaurma-s-kuritsey-170-g-ozon-fresh-647780777/,1
https://www.ozon.ru/product/humus-altayskiy-s-cheremshoy-amfud-200-g-1268809286/,1
https://www.ozon.ru/product/sous-kislo-sladkiy-icancook-naturalnyy-1-sht-120-ml-1404889359/,1
https://www.ozon.ru/product/grechnevaya-lapsha-s-kuritsey-i-ovoshchami-240-g-ozon-fresh-1999287171/,1
https://www.ozon.ru/product/shnitsel-kurinyy-s-kartofelnym-pyure-250-g-ozon-fresh-538012256/,1
https://www.ozon.ru/product/humus-vyalenye-pomidory-i-provanskie-travy-amfud-160-g-645318196/,1
https://www.ozon.ru/product/yaytsa-perepelinye-kopchenye-17-sht-praksis-molodetskie-991762976/,1
https://www.ozon.ru/product/befstroganov-iz-govyadiny-s-kartofelnym-pyure-280-g-creative-kitchen-284200297/,1
https://www.ozon.ru/product/humus-klassicheskiy-amfud-50-g-h-5-sht-798271703/,1
https://www.ozon.ru/product/pasta-s-vetchinoy-i-gribami-250-g-ozon-fresh-1999233891/,1
https://www.ozon.ru/product/sendvich-s-pesto-i-kuritsey-140-g-ozon-fresh-1639710564/,1
https://www.ozon.ru/product/ovoshchnoy-krem-sup-so-slivkami-1-l-clever-foods-1398904826/,1
https://www.ozon.ru/product/draniki-kartofelnye-s-sousom-tartar-140-g-creative-kitchen-961985528/,1
https://www.ozon.ru/product/sous-karri-icancook-naturalnyy-1-sht-170-ml-257329639/,1
https://www.ozon.ru/product/grechka-po-kupecheski-200-g-cook-chart-1653567311/,1
https://www.ozon.ru/product/syrniki-zoopark-lapki-250-g-kotmarkot-1506095555/,1
https://www.ozon.ru/product/tykvennyy-krem-sup-s-kokosovymi-slivkami-1-l-clever-foods-1398904797/,1
https://www.ozon.ru/product/kotleta-kurinaya-s-kartofelnym-pyure-250-g-ozon-fresh-300644156/,1
https://www.ozon.ru/product/damskiy-kapriz-150-g-fresh-secret-1465137019/,1
https://www.ozon.ru/product/salat-seld-pod-shuboy-250-g-creative-kitchen-1062699662/,1
https://www.ozon.ru/product/sup-harcho-300-g-ozon-fresh-1650444585/,1
https://www.ozon.ru/product/bliny-starorusskie-315-g-azbuka-vkusa-227742392/,1
https://www.ozon.ru/product/salat-creative-kitchen-tsezar-200-g-284209574/,1
https://www.ozon.ru/product/onigiri-s-kuritsey-teriyaki-110-g-i-like-eat-1688830488/,1
https://www.ozon.ru/product/file-zharenogo-mintaya-pod-marinadom-250-g-creative-kitchen-284200306/,1
https://www.ozon.ru/product/kasha-risovaya-250-g-ozon-fresh-1803419801/,1
https://www.ozon.ru/product/kurinaya-grudka-gril-s-kartofelem-i-sousom-220-g-cook-chart-1695639018/,1
https://www.ozon.ru/product/plov-s-kuritsey-300-g-creative-kitchen-284200296/,1
https://www.ozon.ru/product/nabor-dlya-okroshki-s-kuritsey-150-g-ozon-fresh-2104115814/,1
https://www.ozon.ru/product/nabor-dlya-okroshki-ovoshchnoy-200-g-ozon-fresh-2104115826/,1
https://www.ozon.ru/product/kotleta-kurinaya-s-syrom-s-gribnym-sousom-i-grechkoy-195-g-creative-kitchen-1756365333/,1
https://www.ozon.ru/product/salat-svekolnyy-s-gretskim-orehom-200-g-creative-kitchen-2086645449/,1
https://www.ozon.ru/product/sup-gorohovyy-s-kopchenostyami-300-g-ozon-fresh-1650444617/,1
https://www.ozon.ru/product/onigiri-s-kuritsey-tom-yam-100-g-i-like-eat-1364991043/,1
https://www.ozon.ru/product/vinegret-s-aromatnym-podsolnechnym-maslom-200-g-azbuka-vkusa-227742258/,1
https://www.ozon.ru/product/kotlety-rybnye-domashnie-s-pyure-creative-kitchen-230-g-997357402/,1
https://www.ozon.ru/product/bliny-s-yablokom-i-koritsey-140-g-miratorg-1656933153/,1
https://www.ozon.ru/product/gorohovaya-kasha-s-kolbaskami-i-bekonom-200-g-ozon-fresh-2022223978/,0
https://www.ozon.ru/product/salat-krabovyy-creative-kitchen-250-g-284200291/,1
https://www.ozon.ru/product/stripsy-kurinye-s-kartofelnym-pyure-250-g-i-like-eat-1485413284/,1
https://www.ozon.ru/product/damskiy-kapriz-150-g-fresh-secret-2086645369/,1
https://www.ozon.ru/product/funchoza-s-govyadinoy-i-ovoshchami-v-ustrichnom-souse-250-g-ozon-fresh-1803436749/,1
https://www.ozon.ru/product/sup-ramen-320-g-ozon-fresh-2062858904/,1
https://www.ozon.ru/product/vareniki-s-kartofelem-i-lukom-so-smetanoy-200-g-creative-kitchen-1670307288/,1
https://www.ozon.ru/product/testo-dlya-cheburekov-500-g-testov-619302977/,1
https://www.ozon.ru/product/syrniki-creative-kitchen-s-vishnevoy-nachinkoy-2-sht-140-g-2086645549/,1
https://www.ozon.ru/product/oladi-pechenochnye-150-g-creative-kitchen-608348158/,1
https://www.ozon.ru/product/blinchiki-s-makovoy-nachinkoy-azbuka-vkusa-160-g-227742271/,1
https://www.ozon.ru/product/draniki-kartofelnye-s-sousom-tartar-140-g-creative-kitchen-2086645452/,1
https://www.ozon.ru/product/syrniki-zoopark-lapki-250-g-kotmarkot-2086645499/,1
https://www.ozon.ru/product/syrniki-creative-kitchen-s-vishnevoy-nachinkoy-2-sht-140-g-284200231/,1
https://www.ozon.ru/product/onigiri-s-forelyu-spaysi-100-g-i-like-eat-2086645448/,1
https://www.ozon.ru/product/salat-seld-pod-shuboy-400-g-creative-kitchen-183475604/,1
https://www.ozon.ru/product/salat-mimoza-250-g-creative-kitchen-284200358/,1
https://www.ozon.ru/product/lapsha-domashnyaya-lagmannaya-500-g-testov-619302978/,1
https://www.ozon.ru/product/kasha-druzhba-iz-pshena-i-risa-250-g-creative-kitchen-1615340994/,1
https://www.ozon.ru/product/kotlety-rybnye-domashnie-s-pyure-creative-kitchen-230-g-2086645496/,1
https://www.ozon.ru/product/sup-lapsha-s-kuritsey-300-g-creative-kitchen-2086645493/,1
https://www.ozon.ru/product/funchoza-s-ovoshchami-po-koreyski-azbuka-vkusa-200-g-227742155/,0
https://www.ozon.ru/product/shnitsel-kurinyy-s-kartofelnym-pyure-250-g-ozon-fresh-1062697757/,1
https://www.ozon.ru/product/keto-syrniki-140-g-azbuka-vkusa-life-pro-bez-glyutena-i-sahara-1198822529/,1
https://www.ozon.ru/product/golubtsy-lenivye-250-g-fresh-secret-1180963540/,1
https://www.ozon.ru/product/chiabatta-s-kurinym-file-165-g-miratorg-317062192/,1
https://www.ozon.ru/product/frikadelki-s-grechkoy-pod-krasnym-sousom-260-g-miratorg-805805666/,1
https://www.ozon.ru/product/zapekanka-200-g-creative-kitchen-284200344/,1
https://www.ozon.ru/product/kasha-gerkulesovaya-na-vode-s-yablokom-koritsey-i-medom-300-g-ozon-fresh-1999264576/,1
https://www.ozon.ru/product/testo-dlya-lazani-i-goryachih-blyud-500-g-testov-619302984/,1
https://www.ozon.ru/product/kompleksnyy-obed-kotleta-po-kievski-makarony-salat-olive-hleb-435-g-domashniy-ochag-1364990869/,1
https://www.ozon.ru/product/syrniki-s-varenym-sgushchennym-molokom-creative-kitchen-120-g-1430225836/,1
https://www.ozon.ru/product/solyanka-sbornaya-myasnaya-creative-kitchen-300-g-284200355/,1
https://www.ozon.ru/product/pechen-kurinaya-s-kartofelnym-pyure-250-g-domashniy-ochag-1615962910/,1
https://www.ozon.ru/product/salat-olive-creative-kitchen-250-g-2086645495/,1
https://www.ozon.ru/product/sup-s-kurinymi-frikadelkami-i-pastoy-300-g-ozon-fresh-2086645533/,1
https://www.ozon.ru/product/grechotto-so-slivkami-gribami-i-syrom-200-g-creative-kitchen-569222880/,1
https://www.ozon.ru/product/humus-vyalenye-pomidory-i-provanskie-travy-amfud-200-g-642502818/,1
https://www.ozon.ru/product/hot-dog-datskiy-135-g-ozon-fresh-2062858700/,1
https://www.ozon.ru/product/roll-kaliforniya-250-g-yumi-2086645386/,1
https://www.ozon.ru/product/borshch-s-kuritsey-ozon-fresh-300-g-1742481462/,1
https://www.ozon.ru/product/kasha-pshennaya-s-tykvoy-250-g-creative-kitchen-400767125/,1
https://www.ozon.ru/product/syrniki-bez-sahara-zapechennye-140-g-azbuka-vkusa-227742416/,1
https://www.ozon.ru/product/kotleta-kurinaya-s-kartofelnym-pyure-250-g-ozon-fresh-1062698286/,1
https://www.ozon.ru/product/kesadilya-kurinaya-220-g-ozon-fresh-2062858696/,1
https://www.ozon.ru/product/krem-sup-iz-lesnyh-gribov-ozon-fresh-270-g-2086645546/,1
https://www.ozon.ru/product/sendvich-roll-s-gorbushey-goryachego-kopcheniya-155-g-ozon-fresh-1999289651/,1
https://www.ozon.ru/product/pasta-karbonara-210-g-shokoladnitsa-2086645507/,1
https://www.ozon.ru/product/oladushki-domashnie-260-g-miratorg-652830895/,1
https://www.ozon.ru/product/oladi-iz-tykvy-so-smetannym-sousom-135-g-creative-kitchen-1315596699/,1
https://www.ozon.ru/product/kasha-ovsyanaya-molochnaya-s-klubnikoy-i-keshyu-250-g-creative-kitchen-284200243/,1
https://www.ozon.ru/product/oladi-pechenochnye-150-g-creative-kitchen-1062697799/,1
https://www.ozon.ru/product/shaurma-s-kuritsey-170-g-ozon-fresh-1062697486/,1
https://www.ozon.ru/product/salat-krabovyy-creative-kitchen-250-g-2086645521/,1
https://www.ozon.ru/product/sup-pyure-iz-brokkoli-250-g-creative-kitchen-608348149/,1
https://www.ozon.ru/product/sup-svekolnik-creative-kitchen-250-g-629462403/,1
https://www.ozon.ru/product/chiabatta-s-kuritsey-i-sousom-gurme-160-g-kulinarium-1714070040/,1
https://www.ozon.ru/product/gribnoy-krem-sup-300-g-ozon-fresh-1650444557/,1
https://www.ozon.ru/product/humus-retsept-iz-nazareta-300-g-sababa-143376557/,1
https://www.ozon.ru/product/risovaya-kasha-na-kokosovom-moloke-220-g-creative-kitchen-1615341081/,1
https://www.ozon.ru/product/file-zharenogo-mintaya-pod-marinadom-250-g-creative-kitchen-2086645470/,1
https://www.ozon.ru/product/roll-kaliforniya-250-g-yumi-1979919353/,1
https://www.ozon.ru/product/konvertiki-s-krem-chizom-i-malinoy-140-g-creative-kitchen-1604929442/,1
https://www.ozon.ru/product/sup-gorohovyy-s-kopchenostyami-300-g-ozon-fresh-2086645556/,1
https://www.ozon.ru/product/lenivye-vareniki-so-slivochnym-maslom-200-g-duckit-1976377145/,1
https://www.ozon.ru/product/syrniki-gonochnye-mashinki-so-sgushchennym-molokom-170-g-kotmarkot-2059794658/,1
https://www.ozon.ru/product/kasha-pshennaya-s-tykvoy-250-g-creative-kitchen-2086645536/,1
https://www.ozon.ru/product/kapusta-tushenaya-s-sosiskami-220-g-azbuka-vkusa-227742001/,1
https://www.ozon.ru/product/sup-harcho-300-g-ozon-fresh-2086645538/,1
https://www.ozon.ru/product/salat-olive-s-kolbasoy-250-g-ozon-fresh-397356423/,1
https://www.ozon.ru/product/svekla-s-mayonezom-i-chesnokom-250-g-azbuka-vkusa-227742015/,0
https://www.ozon.ru/product/roll-simfoniya-s-krevetkoy-tempura-180-g-yumi-2086645377/,1
https://www.ozon.ru/product/salat-bavarskiy-s-vetchinoy-200-g-kak-vkusno-2086645436/,1
https://www.ozon.ru/product/salat-tsezar-s-klassicheskoy-zapravkoy-190-g-belaya-dacha-877162051/,1
https://www.ozon.ru/product/befstroganov-iz-govyadiny-s-kartofelnym-pyure-280-g-creative-kitchen-2086645476/,1
https://www.ozon.ru/product/onigiri-s-krevetkoy-110-g-i-like-eat-2086645457/,1
https://www.ozon.ru/product/sup-pyure-syrnyy-s-krevetkami-azbuka-vkusa-270-g-711533852/,1
https://www.ozon.ru/product/funchoza-s-govyadinoy-i-ovoshchami-v-ustrichnom-souse-250-g-ozon-fresh-2086645560/,1
https://www.ozon.ru/product/pasta-fettuchine-s-dobavleniem-yaytsa-solo-fresco-250-g-1080135710/,1
https://www.ozon.ru/product/borshch-s-govyadinoy-300-g-ozon-fresh-2086645523/,1
https://www.ozon.ru/product/salat-metelka-s-tykvennymi-s-semechkami-100-g-azbuka-vkusa-1998034223/,1
https://www.ozon.ru/product/salat-seld-pod-shuboy-400-g-creative-kitchen-2086645455/,1
https://www.ozon.ru/product/grechotto-so-slivkami-gribami-i-syrom-200-g-creative-kitchen-1062699026/,1
https://www.ozon.ru/product/humus-chili-pikantnyy-300-g-sababa-167101119/,1
https://www.ozon.ru/product/vareniki-s-kartofelem-i-lukom-so-smetanoy-200-g-creative-kitchen-2086645379/,1
https://www.ozon.ru/product/chiabatta-s-vetchinoy-i-gorchichnym-sousom-190-g-miratorg-1062697979/,1
https://www.ozon.ru/product/konvertiki-s-krem-chizom-i-vishney-140-g-creative-kitchen-1604929455/,1
https://www.ozon.ru/product/sendvich-roll-s-kuritsey-i-sousom-dor-blyu-160-g-ozon-fresh-1999289655/,1
https://www.ozon.ru/product/kotleta-kurinaya-s-syrom-s-gribnym-sousom-i-grechkoy-195-g-creative-kitchen-2086645473/,1
https://www.ozon.ru/product/konvertiki-s-krem-chizom-i-malinoy-140-g-creative-kitchen-2086645508/,1
https://www.ozon.ru/product/omlet-s-syrom-i-shpinatom-165-g-creative-kitchen-922531122/,1
https://www.ozon.ru/product/testo-dlya-pelmeney-360-g-testov-619302976/,1
https://www.ozon.ru/product/roll-s-krevetkoy-i-semgoy-yumi-225-g-yumi-1987238503/,1
https://www.ozon.ru/product/roll-s-ogurtsom-200-g-yumi-2040751889/,1
https://www.ozon.ru/product/kurinaya-grudka-gril-s-kartofelem-i-sousom-220-g-cook-chart-2086645392/,1
https://www.ozon.ru/product/kasha-multizlakovaya-250-g-cook-chart-1648873589/,1
https://www.ozon.ru/product/plov-s-kuritsey-300-g-creative-kitchen-2086645500/,1
https://www.ozon.ru/product/lapsha-domashnyaya-350-g-testov-tonkaya-619302983/,1
https://www.ozon.ru/product/kompleksnyy-obed-bitochek-kartofel-zarumyanennyy-salat-olive-hleb-475-g-domashniy-ochag-1364990905/,1
https://www.ozon.ru/product/boul-zelenyy-salat-s-kinoa-edamame-i-brokkoli-180-g-creative-kitchen-1644838508/,1
https://www.ozon.ru/product/blinchik-tsezar-creative-kitchen-210-g-2086645526/,1
https://www.ozon.ru/product/kasha-ovsyanaya-180-g-lavkalavka-804843667/,1
https://www.ozon.ru/product/sendvich-s-servelatom-i-sousom-tar-tar-170-g-eattery-1737333118/,0
https://www.ozon.ru/product/pasta-talolini-s-dobavleniem-yaytsa-solo-fresco-250-g-1080135669/,1
https://www.ozon.ru/product/pasta-s-kuritsey-v-slivochnom-souse-230-g-ozon-fresh-538012375/,1
https://www.ozon.ru/product/chizburger-200-g-mates-1900128887/,1
https://www.ozon.ru/product/testo-dlya-varenikov-i-mantov-400-g-testov-619302979/,1
https://www.ozon.ru/product/blinchik-tsezar-creative-kitchen-210-g-728194282/,1
https://www.ozon.ru/product/salat-s-drevesnymi-gribami-150-g-chiho-1851845548/,1
https://www.ozon.ru/product/kasha-grechnevaya-na-moloke-300-g-ozon-fresh-1999264579/,1
https://www.ozon.ru/product/konvertiki-s-krem-chizom-i-nachinkoy-mango-marakuyya-140-g-creative-kitchen-1604929464/,1
https://www.ozon.ru/product/kartofelnye-lepeshki-s-syrom-150-g-creative-kitchen-1645189156/,1
https://www.ozon.ru/product/krem-sup-iz-lesnyh-gribov-ozon-fresh-270-g-1752620153/,1
https://www.ozon.ru/product/kruassan-s-syrom-i-vetchinoy-110-g-miratorg-2086645345/,1
https://www.ozon.ru/product/zapekanka-baskskaya-s-vishney-180-g-mates-1900136370/,1
https://www.ozon.ru/product/kartofelnye-lepeshki-s-syrom-150-g-creative-kitchen-2086645363/,1
https://www.ozon.ru/product/shrimp-roll-s-krevetkami-195-g-yumi-2040752121/,1
https://www.ozon.ru/product/belkovyy-omlet-s-kurinym-file-ovoshchami-i-myagkim-syrom-160-g-creative-kitchen-1667781045/,1
https://www.ozon.ru/product/salat-nisuaz-200-g-ozon-fresh-1999288131/,1
https://www.ozon.ru/product/kotlety-kurinye-parovye-s-grechkoy-290-g-azbuka-vkusa-1630371545/,1
https://www.ozon.ru/product/salat-fitnes-boul-s-kinoa-i-kuritsey-210-g-ozon-fresh-1293321819/,1
https://www.ozon.ru/product/humus-s-kedrovymi-oreshkami-amfud-160-g-642502395/,1
https://www.ozon.ru/product/zapekanka-tvorozhnaya-s-grushey-i-persikom-250-g-azbuka-vkusa-711533904/,1
https://www.ozon.ru/product/shchi-iz-svezhey-kapusty-s-kuritsey-250-g-creative-kitchen-728196619/,1
https://www.ozon.ru/product/antipasti-krasnyy-perchik-s-myagkim-syrom-v-masle-260-g-burenka-club-1044086087/,1
https://www.ozon.ru/product/goroshnitsa-klassicheskaya-amfud-200-g-901880563/,1
https://www.ozon.ru/product/stripsy-kurinye-s-kartofelnym-pyure-250-g-i-like-eat-2086645409/,1
https://www.ozon.ru/product/salat-tsezar-s-klassicheskoy-zapravkoy-190-g-belaya-dacha-1062697933/,1
https://www.ozon.ru/product/omlet-s-syrom-i-bekonom-235-g-ozon-fresh-1999287153/,1
https://www.ozon.ru/product/blinchiki-domashnie-180-g-ozon-fresh-1062699289/,1
https://www.ozon.ru/product/kasha-druzhba-iz-pshena-i-risa-250-g-creative-kitchen-2086645522/,1
https://www.ozon.ru/product/kasha-ovsyanaya-molochnaya-s-klubnikoy-i-keshyu-250-g-creative-kitchen-2086645554/,1
https://www.ozon.ru/product/burger-s-bekonom-140-g-ozon-fresh-2062858532/,1
https://www.ozon.ru/product/bliny-s-nutelloy-140-g-ozon-fresh-2062863954/,1
https://www.ozon.ru/product/grechka-s-sosiskami-200-g-sveli-1449549469/,1
https://www.ozon.ru/product/roll-s-krevetkoy-i-semgoy-yumi-225-g-yumi-2086645366/,1
https://www.ozon.ru/product/poket-sendvich-s-omletom-i-bekonom-120-g-yumi-1851669558/,1
https://www.ozon.ru/product/salat-creative-kitchen-tsezar-200-g-2086645531/,1
https://www.ozon.ru/product/borshch-s-kuritsey-ozon-fresh-300-g-2086645543/,1
https://www.ozon.ru/product/kompleksnyy-obed-plov-kurinyy-salat-vitaminnyy-hleb-495-g-domashniy-ochag-1688820703/,1
https://www.ozon.ru/product/salat-iz-funchozy-i-kopchenogo-kurinogo-file-s-ovoshchami-170-g-creative-kitchen-638196173/,1
https://www.ozon.ru/product/frikase-kurinoe-s-gribami-i-pastoy-300-g-ozon-fresh-1803436492/,1
https://www.ozon.ru/product/lapsha-udon-s-kuritsey-ovoshchami-i-keshyu-290-g-ozon-fresh-397356418/,1
https://www.ozon.ru/product/roll-simfoniya-s-krevetkoy-tempura-180-g-yumi-1851669571/,1
https://www.ozon.ru/product/buldak-koreyskiy-s-lapshoy-udon-220-g-2021108455/,1
https://www.ozon.ru/product/file-tsyplenka-su-vid-slaysami-150-g-azbuka-life-898262403/,1
https://www.ozon.ru/product/yaichnaya-lapsha-kimchi-dan-dan-220-g-2021108706/,1
https://www.ozon.ru/product/lenivye-vareniki-so-slivochnym-maslom-200-g-duckit-2086645444/,1
https://www.ozon.ru/product/sendvich-s-tuntsom-ozon-fresh-150-g-613286931/,1
https://www.ozon.ru/product/sendvich-tsezar-na-tostovom-pshenichnom-hlebe-180-g-ozon-fresh-1215636342/,1
https://www.ozon.ru/product/kasha-ovsyanaya-molochnaya-azbuka-vkusa-250-g-601829389/,1
https://www.ozon.ru/product/kuritsa-kowloon-v-kislo-sladkom-souse-s-risom-276-g-chiho-2086645450/,1
https://www.ozon.ru/product/chiken-dog-115-g-i-like-eat-1485414633/,1
https://www.ozon.ru/product/sendvich-s-pesto-i-kuritsey-140-g-ozon-fresh-2086645497/,1
https://www.ozon.ru/product/kasha-amarantovaya-s-kokosom-i-mango-220-g-azbuka-vkusa-1998034136/,1
https://www.ozon.ru/product/boul-grin-s-kuritsey-i-sousom-mango-200-g-yumi-2086645381/,1
https://www.ozon.ru/product/onigiri-s-kuritsey-tom-yam-100-g-i-like-eat-2086645468/,1
https://www.ozon.ru/product/yaytsa-kurinye-kopchenye-4-sht-molodetskie-1181058748/,1
https://www.ozon.ru/product/solyanka-sbornaya-myasnaya-creative-kitchen-300-g-2086645527/,1
https://www.ozon.ru/product/bolly-iz-indeyki-s-morkovyu-azbuka-vkusa-160-g-227742324/,1
https://www.ozon.ru/product/shchi-iz-svezhey-kapusty-s-kuritsey-250-g-creative-kitchen-2086645416/,1
https://www.ozon.ru/product/syrniki-s-varenym-sgushchennym-molokom-creative-kitchen-120-g-2086645545/,1
https://www.ozon.ru/product/zakuska-iz-file-kusochkov-seldi-tihookeanskoy-slabosolenoy-po-kubanski-vkusy-rossii-190-g-1897055451/,1
https://www.ozon.ru/product/salat-olive-200-g-eattery-1728334066/,1
https://www.ozon.ru/product/hot-dog-datskiy-150-g-eattery-2138150390/,1
https://www.ozon.ru/product/salat-iz-funchozy-i-kopchenogo-kurinogo-file-s-ovoshchami-170-g-creative-kitchen-2086645408/,1
https://www.ozon.ru/product/kompleksnyy-obed-domashnyaya-kotleta-kartofelnoe-pyure-salat-vitaminnyy-hleb-545-g-domashniy-ochag-1364990870/,1
https://www.ozon.ru/product/chizburger-115-g-miratorg-1535928763/,1
https://www.ozon.ru/product/pasta-boloneze-260-g-miratorg-317061524/,1
https://www.ozon.ru/product/tushenaya-kapusta-s-ovoshchami-azbuka-vkusa-200-g-227742268/,1
https://www.ozon.ru/product/plov-prazdnichnyy-285-g-creative-kitchen-640537374/,1
https://www.ozon.ru/product/kasha-risovaya-250-g-ozon-fresh-2086645568/,1
https://www.ozon.ru/product/utka-po-pekinski-v-nabore-s-blinchikami-ogurtsami-i-sousom-hoysin-260-g-duckit-1851845486/,0
https://www.ozon.ru/product/bliny-s-yablokom-i-koritsey-140-g-miratorg-2086645356/,1
https://www.ozon.ru/product/pasta-s-kuritsey-v-slivochnom-souse-230-g-ozon-fresh-1062699368/,1
https://www.ozon.ru/product/angus-burger-s-gorchichnym-sousom-160-g-miratorg-317062190/,1
https://www.ozon.ru/product/borshch-s-kuritsey-ozon-fresh-900-g-1742481513/,1
https://www.ozon.ru/product/ovsyanoblin-s-kuritsey-i-tomatami-210-g-mates-1900128948/,1
https://www.ozon.ru/product/salat-iz-svekly-kinoa-s-apelsinovoy-zapravkoy-170-g-ozon-fresh-1999288145/,1
https://www.ozon.ru/product/poke-s-krevetkami-i-sousom-alterno-210-g-yumi-2086645362/,1
https://www.ozon.ru/product/spagetti-boloneze-s-govyadinoy-creative-kitchen-220-g-1759174564/,1
https://www.ozon.ru/product/udon-s-kuritsey-i-ovoshchami-v-ustrichnom-souse-250-g-eattery-1737332672/,1
https://www.ozon.ru/product/zapekanka-200-g-creative-kitchen-1062697977/,1
https://www.ozon.ru/product/zharkoe-po-domashnemu-245-g-lavkalavka-1261101688/,1
https://www.ozon.ru/product/salat-iz-sladkoy-pechenoy-svekly-s-keshyu-i-chernoslivom-200-g-ozon-fresh-2062876969/,1
https://www.ozon.ru/product/sup-lapsha-gribnaya-azbuka-vkusa-270-g-785235893/,1
https://www.ozon.ru/product/vok-s-gribami-shiitake-260g-ozon-fresh-2086645563/,1
https://www.ozon.ru/product/humus-retsept-iz-eylata-300-g-sababa-167101118/,1
https://www.ozon.ru/product/chechevitsa-s-ovoshchami-200-g-azbuka-vkusa-1653760800/,1
https://www.ozon.ru/product/plov-s-indeykoy-i-bulgurom-270-g-lavkalavka-1261101694/,1
https://www.ozon.ru/product/vareniki-s-tvorogom-so-smetanoy-200-g-creative-kitchen-2086645383/,1
https://www.ozon.ru/product/sushi-sendvich-s-kuritsey-teriyaki-150-g-yumi-2040751785/,1
https://www.ozon.ru/product/risovaya-kasha-na-kokosovom-moloke-220-g-creative-kitchen-2086645518/,1
https://www.ozon.ru/product/kasha-kukuruznaya-s-halvoy-i-klubnikoy-250-g-azbuka-vkusa-1998034097/,1
https://www.ozon.ru/product/kotlety-kurinye-na-paru-150-g-azbuka-vkusa-life-785235795/,1
https://www.ozon.ru/product/roll-simfoniya-s-krabovymi-palochkami-180-g-yumi-2086645371/,1
https://www.ozon.ru/product/roll-s-krevetkoy-tempura-225-g-yumi-2040752388/,1
https://www.ozon.ru/product/kompleksnyy-obed-bitochek-kartofel-zarumyanennyy-salat-olive-hleb-475-g-domashniy-ochag-2086645393/,1
https://www.ozon.ru/product/sup-shchavelevyy-270-g-lavkalavka-1261101732/,1
https://www.ozon.ru/product/shashlyk-kurinyy-s-kartofelem-280-g-domashniy-ochag-2086645404/,1
https://www.ozon.ru/product/boul-zelenyy-salat-s-kinoa-edamame-i-brokkoli-180-g-creative-kitchen-2086645373/,1
https://www.ozon.ru/product/salat-mimoza-250-g-creative-kitchen-2086645391/,1
https://www.ozon.ru/product/relish-burger-190-g-mates-1900128965/,1
https://www.ozon.ru/product/plov-prazdnichnyy-285-g-creative-kitchen-2086645407/,1
https://www.ozon.ru/product/salat-kalmary-s-morkovyu-po-koreyski-200-g-fresh-secret-2086645365/,0
https://www.ozon.ru/product/sendvich-tsezar-na-tostovom-pshenichnom-hlebe-180-g-ozon-fresh-2086645490/,1
https://www.ozon.ru/product/oladi-iz-tykvy-so-smetannym-sousom-135-g-creative-kitchen-2086645505/,1
https://www.ozon.ru/product/sup-rassolnik-s-govyadinoy-270-g-lavkalavka-1261101735/,1
https://www.ozon.ru/product/grechka-po-kupecheski-200-g-cook-chart-2086645349/,1
https://www.ozon.ru/product/spagetti-boloneze-s-govyadinoy-creative-kitchen-220-g-2086645491/,1
https://www.ozon.ru/product/zavtrak-s-indeykoy-su-vid-yaytsom-i-kinoa-185-g-azbuka-vkusa-1998034143/,1
https://www.ozon.ru/product/angliyskiy-maffin-s-bekonom-i-yaytsom-160-g-mates-1900136376/,1
https://www.ozon.ru/product/salat-olive-s-kolbasoy-250-g-ozon-fresh-1062697903/,1
https://www.ozon.ru/product/blinchiki-s-klubnichno-malinovoy-nachinkoy-2-sht-h-60-g-cook-chart-2086645388/,1
https://www.ozon.ru/product/sup-pyure-syrnyy-s-ovoshchami-260-g-creative-kitchen-1681056312/,1
https://www.ozon.ru/product/vok-s-gribami-shiitake-260g-ozon-fresh-1850540179/,1
https://www.ozon.ru/product/ragu-ovoshchnoe-260-g-azbuka-vkusa-1896485907/,1
https://www.ozon.ru/product/salat-fitnes-boul-s-kinoa-i-kuritsey-210-g-ozon-fresh-1600197253/,1
https://www.ozon.ru/product/oladi-kurinye-160-g-kulinarium-1771499841/,1
https://www.ozon.ru/product/salat-stolichnyy-s-kuritsey-200-g-azbuka-vkusa-256287734/,1
https://www.ozon.ru/product/belkovyy-omlet-s-kurinym-file-ovoshchami-i-myagkim-syrom-160-g-creative-kitchen-2086645398/,1
https://www.ozon.ru/product/borshch-s-kuritsey-ozon-fresh-900-g-2086645550/,1
https://www.ozon.ru/product/kotleta-rublenaya-tri-myasa-s-pechenym-kartofelem-250-g-kulinarium-2086645469/,1
https://www.ozon.ru/product/shashlyk-kurinyy-180-g-grillway-1667993775/,1
https://www.ozon.ru/product/kuritsa-kowloon-v-kislo-sladkom-souse-s-risom-276-g-chiho-1976377006/,1
https://www.ozon.ru/product/sup-lapsha-s-kuritsey-900-g-creative-kitchen-1756365606/,1
https://www.ozon.ru/product/poket-sendvich-s-omletom-i-bekonom-120-g-yumi-2086645390/,1
https://www.ozon.ru/product/zharenyy-ris-s-utkoy-270-g-duckit-2086645399/,1
https://www.ozon.ru/product/zapekanka-baskskaya-s-vishney-180-g-mates-2086645325/,1
https://www.ozon.ru/product/pechen-kurinaya-s-kartofelnym-pyure-250-g-domashniy-ochag-2086645397/,1
https://www.ozon.ru/product/kompleksnyy-obed-kotleta-po-kievski-makarony-salat-olive-hleb-435-g-domashniy-ochag-2086645441/,1
https://www.ozon.ru/product/grechka-s-sosiskami-200-g-sveli-2086645376/,1
https://www.ozon.ru/product/pasta-dlya-dvoih-s-kurinymi-frikadelkami-v-tomatnom-souse-450-g-ozon-fresh-1835256259/,1
https://www.ozon.ru/product/bitochek-iz-kuritsy-s-grechey-280-g-domashniy-ochag-1364990907/,1
https://www.ozon.ru/product/borshch-so-svezhey-kapustoy-i-myasom-900-g-creative-kitchen-1720862537/,1
https://www.ozon.ru/product/kolbaski-po-nyurnbergski-s-kartofelem-i-gorchichnym-sousom-205-g-creative-kitchen-2086645367/,1
https://www.ozon.ru/product/konvertiki-s-krem-chizom-i-nachinkoy-mango-marakuyya-140-g-creative-kitchen-2086645354/,1
https://www.ozon.ru/product/pasta-dlya-dvoih-s-kurinymi-frikadelkami-v-tomatnom-souse-450-g-ozon-fresh-2086645516/,1
https://www.ozon.ru/product/salat-s-krabovymi-palochkami-250-g-ozon-fresh-397356467/,1
https://www.ozon.ru/product/blinchiki-s-kuritsey-i-gribami-170-g-ozon-fresh-322661462/,1
https://www.ozon.ru/product/parovaya-bulochka-ban-bao-s-gribami-135-g-duckit-1851845540/,1
https://www.ozon.ru/product/sendvich-s-vetchinoy-i-syrom-205-g-ozon-fresh-1774720690/,1
https://www.ozon.ru/product/kruassan-s-lososem-i-slivochnym-syrom-130-g-ozon-fresh-740204301/,1
https://www.ozon.ru/product/roll-kaliforniya-s-krevetkoy-250-g-yumi-2040751483/,1
https://www.ozon.ru/product/ris-zharenyy-s-ovoshchami-i-krevetkami-250-g-chiho-1851845473/,1
https://www.ozon.ru/product/sup-svekolnik-creative-kitchen-250-g-2086645532/,1
https://www.ozon.ru/product/lapsha-udon-s-kuritsey-ovoshchami-i-keshyu-290-g-ozon-fresh-1062697465/,1
https://www.ozon.ru/product/kuritsa-karri-s-tsitrusovym-risom-250-g-ozon-fresh-2086645501/,1
https://www.ozon.ru/product/boul-grin-s-kuritsey-i-sousom-mango-200-g-yumi-1851669518/,1
https://www.ozon.ru/product/shokoladnye-pankeyki-so-smetannym-kremom-i-vishney-165-g-mates-1900136455/,1
https://www.ozon.ru/product/lazanya-boloneze-350-g-miratorg-1173045457/,1
https://www.ozon.ru/product/sendvich-tsezar-s-kuritsey-170-g-eattery-2106485781/,1
https://www.ozon.ru/product/kompleksnyy-obed-domashnyaya-kotleta-kartofelnoe-pyure-salat-vitaminnyy-hleb-545-g-domashniy-ochag-2086645424/,1
https://www.ozon.ru/product/kolbaski-po-nyurnbergski-s-kartofelem-i-gorchichnym-sousom-205-g-creative-kitchen-1645189121/,1
https://www.ozon.ru/product/vareniki-s-tvorogom-so-smetanoy-200-g-creative-kitchen-540167541/,1
https://www.ozon.ru/product/roll-simfoniya-s-krabovymi-palochkami-180-g-yumi-1851669591/,1
https://www.ozon.ru/product/blinchiki-s-kuritsey-i-gribami-170-g-ozon-fresh-1062698608/,1
https://www.ozon.ru/product/blinchiki-creative-kitchen-s-vetchinoy-i-syrom-160-g-284200335/,1
https://www.ozon.ru/product/pankeyki-iz-rikotty-s-dzhemom-iz-vishni-175-g-mates-1731003388/,0
https://www.ozon.ru/product/salat-s-indeykoy-su-vid-i-tykvoy-180-g-ozon-fresh-1999288106/,1
https://www.ozon.ru/product/konvertiki-s-krem-chizom-i-vishney-140-g-creative-kitchen-2086645512/,1
https://www.ozon.ru/product/shokoladnye-pankeyki-so-smetannym-kremom-i-vishney-165-g-mates-2086645547/,1
https://www.ozon.ru/product/antipasti-olivki-s-myagkim-syrom-v-masle-240-g-burenka-club-407797244/,1
https://www.ozon.ru/product/chiabatta-s-kuritsey-i-sousom-gurme-160-g-kulinarium-2086645430/,1
https://www.ozon.ru/product/pasta-karbonara-250-g-eattery-1737332668/,1
https://www.ozon.ru/product/omlet-s-syrom-i-shpinatom-165-g-creative-kitchen-2086645443/,1
https://www.ozon.ru/product/gribnoy-krem-sup-300-g-ozon-fresh-2086645529/,1
https://www.ozon.ru/product/zharenyy-ris-s-utkoy-270-g-duckit-1851845512/,1
https://www.ozon.ru/product/borshch-so-svezhey-kapustoy-i-myasom-900-g-creative-kitchen-2086645440/,1
https://www.ozon.ru/product/shashlyk-svinoy-180-g-grillway-1667993851/,1
https://www.ozon.ru/product/chiken-dog-95-g-i-like-eat-2086645415/,1
https://www.ozon.ru/product/blinchiki-s-klubnichno-malinovoy-nachinkoy-2-sht-h-60-g-cook-chart-1695751417/,1
https://www.ozon.ru/product/chikenburger-125-g-miratorg-1608577106/,1
https://www.ozon.ru/product/sendvich-katsu-s-tsyplenkom-175-g-m-tes-2059830068/,1
https://www.ozon.ru/product/vafli-iz-shpinata-s-kuritsey-225-g-eattery-2106484957/,1
https://www.ozon.ru/product/kurinaya-kotleta-v-ovoshchnom-souse-so-spagetti-s-zapravkoy-iz-zelenogo-masla-250-g-kulinarium-2086645459/,0
https://www.ozon.ru/product/zrazy-kartofelnye-s-myasom-220-g-azbuka-vkusa-268578669/,1
https://www.ozon.ru/product/pasta-s-kuritsey-i-motsarelloy-s-tomatnym-sousom-300-g-azbuka-vkusa-1630371190/,1
https://www.ozon.ru/product/sup-pyure-iz-sparzhi-270-g-azbuka-vkusa-1998034191/,1
https://www.ozon.ru/product/boul-grin-175-g-ozon-fresh-1887773438/,1
https://www.ozon.ru/product/kasha-ovsyanaya-s-mango-180-g-lavkalavka-1526619622/,1
https://www.ozon.ru/product/kartofel-otvarnoy-s-ukropom-azbuka-vkusa-300-g-1278207825/,1
https://www.ozon.ru/product/roll-tsezar-170-g-i-like-eat-1873429512/,1
https://www.ozon.ru/product/kruassan-dabl-chiz-130-g-miratorg-317062193/,1
https://www.ozon.ru/product/ovsyanoblin-s-kuritsey-i-tomatami-210-g-mates-2086645329/,1
https://www.ozon.ru/product/befstroganov-iz-kuritsy-s-kartofelnym-pyure-250-g-eattery-1737332676/,1
https://www.ozon.ru/product/kasha-pshennaya-s-tykvoy-lnom-i-kokosom-270-g-azbuka-vkusa-1998034178/,1
https://www.ozon.ru/product/pashtet-tofu-originalnyy-amfud-200-g-901914403/,1
https://www.ozon.ru/product/kruassan-dabl-chiz-130-g-miratorg-1062697649/,1
https://www.ozon.ru/product/sup-pyure-syrnyy-s-ovoshchami-260-g-creative-kitchen-2086645423/,1
https://www.ozon.ru/product/kotleta-iz-govyadiny-s-ovoshchami-280-g-ozon-fresh-2086645510/,1
https://www.ozon.ru/product/blinchiki-creative-kitchen-s-vetchinoy-i-syrom-160-g-2086645541/,1
https://www.ozon.ru/product/kasha-multizlakovaya-250-g-cook-chart-2086645358/,1
https://www.ozon.ru/product/graten-kartofelnyy-s-kurinym-farshem-200-g-eattery-2106485362/,1
https://www.ozon.ru/product/kasha-pshennaya-180-g-lavkalavka-804843818/,1
https://www.ozon.ru/product/testo-filo-ohlazhdennoe-bezdrozhzhevoe-250-g-bulgarfood-bella-1600415135/,1
https://www.ozon.ru/product/myaso-po-frantsuzski-s-zharenym-kartofelem-260-g-eattery-2138150611/,1
https://www.ozon.ru/product/kompleksnyy-obed-venskiy-shnitsel-s-kartofelnym-pyure-salat-vinegret-hleb-470-g-domashniy-ochag-2086645420/,1
https://www.ozon.ru/product/krem-sup-tykvennyy-300-g-kulinarium-1714038213/,1
https://www.ozon.ru/product/bliny-s-yablokom-i-koritsey-280-g-miratorg-317062181/,1
https://www.ozon.ru/product/salat-s-krabovymi-palochkami-250-g-ozon-fresh-1062699711/,1
https://www.ozon.ru/product/fuzilli-s-vetchinoy-gribami-i-slivochnym-sousom-250-g-kulinarium-2086645486/,0
https://www.ozon.ru/product/sendvich-s-vetchinoy-i-syrom-205-g-ozon-fresh-2086645506/,1
https://www.ozon.ru/product/spagetti-s-dobavleniem-yaytsa-solo-fresco-250-g-1080135675/,1
https://www.ozon.ru/product/parovaya-bulochka-ban-bao-so-svininoy-i-gribami-135-g-duckit-1851845539/,1
https://www.ozon.ru/product/sup-lapsha-s-kuritsey-900-g-creative-kitchen-2086645484/,1
https://www.ozon.ru/product/ris-zharenyy-s-ovoshchami-i-krevetkami-250-g-chiho-2086645413/,1
https://www.ozon.ru/product/draniki-iz-batata-s-file-kusochkami-foreli-100-g-creative-kitchen-1951662040/,1
https://www.ozon.ru/product/pankeyki-iz-rikotty-s-dzhemom-iz-vishni-175-g-mates-2086645542/,1
https://www.ozon.ru/product/kotlety-zharenye-pozharskie-200-g-azbuka-vkusa-1630371631/,1
https://www.ozon.ru/product/pasta-kazarechche-s-dobavleniem-yaytsa-solo-fresco-250-g-1080135702/,1
https://www.ozon.ru/product/beygl-riet-iz-treski-marinovannyy-luk-165-g-mates-2086645340/,1
https://www.ozon.ru/product/krem-sup-tykvennyy-300-g-kulinarium-2086645445/,1
https://www.ozon.ru/product/hot-dog-gorodskoy-piknik-150-g-eattery-2138150455/,1
https://www.ozon.ru/product/salat-grecheskiy-s-zapravkoy-iz-soka-limona-i-tvorozhnogo-syra-s-pryanymi-travami-190-g-belaya-dacha-1062698877/,1
https://www.ozon.ru/product/kompleksnyy-obed-venskiy-shnitsel-s-kartofelnym-pyure-salat-vinegret-hleb-470-g-domashniy-ochag-1364990871/,1
https://www.ozon.ru/product/kotleta-rublenaya-tri-myasa-s-pechenym-kartofelem-250-g-kulinarium-1771499842/,1
https://www.ozon.ru/product/bento-nabor-s-risom-kurinym-shnitselem-i-omletom-305-g-yumi-2040752108/,1
https://www.ozon.ru/product/brizol-kurinaya-150-g-azbuka-vkusa-785235881/,1
https://www.ozon.ru/product/salat-s-koltsami-kalmara-komandorskogo-otvarnymi-170-g-creative-kitchen-2086645435/,1
https://www.ozon.ru/product/grechka-s-kuritsey-v-slivochno-gribnom-souse-260-g-miratorg-805805657/,1
https://www.ozon.ru/product/sendvich-s-tuntsom-ozon-fresh-150-g-1062699388/,1
https://www.ozon.ru/product/poke-s-krevetkami-i-sousom-alterno-210-g-yumi-1851669594/,1
https://www.ozon.ru/product/salat-s-koltsami-kalmara-komandorskogo-otvarnymi-170-g-creative-kitchen-1720885166/,1
https://www.ozon.ru/product/syrniki-170-g-eattery-1728390671/,1
https://www.ozon.ru/product/kuritsa-karri-s-tsitrusovym-risom-250-g-ozon-fresh-1632905249/,0
https://www.ozon.ru/product/chiabatta-s-kurinym-file-165-g-miratorg-1062698887/,1
https://www.ozon.ru/product/ovoshchi-na-paru-s-mitbolami-290-g-duckit-1976376542/,1
https://www.ozon.ru/product/bitochek-iz-indeyki-zapechennyy-s-risom-220-g-azbuka-vkusa-1653760760/,1
https://www.ozon.ru/product/indeyka-su-vid-s-bulgurom-i-ovoshchami-azbuka-vkusa-life-210-g-1198105767/,1
https://www.ozon.ru/product/beygl-riet-iz-treski-marinovannyy-luk-165-g-mates-1900128910/,1
https://www.ozon.ru/product/pasta-dlya-sebya-s-kurinymi-frikadelkami-v-tomatnom-souse-230-g-ozon-fresh-2086645519/,1
https://www.ozon.ru/product/salat-s-tuntsom-i-perepelinymi-yaytsami-azbuka-vkusa-190-g-227742350/,1
https://www.ozon.ru/product/kruassan-s-lososem-i-slivochnym-syrom-130-g-ozon-fresh-1062697388/,1
https://www.ozon.ru/product/kuritsa-po-tayski-s-risom-250-g-eattery-1737332813/,1
https://www.ozon.ru/product/salat-panaziatskiy-215-g-ozon-fresh-1999288230/,1
https://www.ozon.ru/product/pasta-dlya-sebya-s-kurinymi-frikadelkami-v-tomatnom-souse-230-g-ozon-fresh-1835256213/,1
https://www.ozon.ru/product/file-tsyplenka-broylera-su-vid-s-grechkoy-i-pomidorami-cherri-270-g-azbuka-life-1896485885/,1
https://www.ozon.ru/product/oladushki-domashnie-260-g-miratorg-1062697718/,1
https://www.ozon.ru/product/pappardelle-s-yaytsom-solo-fresco-250-g-1540996037/,1
https://www.ozon.ru/product/blinchiki-s-pripekom-s-syrom-i-zelenyu-creative-kitchen-170-g-1423039143/,1
https://www.ozon.ru/product/blinchiki-s-pripekom-s-syrom-i-zelenyu-creative-kitchen-170-g-2086645535/,1
https://www.ozon.ru/product/ravioli-s-chahohbili-solo-fresco-250-g-1755849274/,0
https://www.ozon.ru/product/shashlyk-kurinyy-180-g-grillway-2086645539/,1
https://www.ozon.ru/product/salat-grecheskiy-s-zapravkoy-iz-soka-limona-i-tvorozhnogo-syra-s-pryanymi-travami-190-g-belaya-dacha-877161924/,1
https://www.ozon.ru/product/bliny-domashnie-300-g-miratorg-179638302/,1
https://www.ozon.ru/product/zavtrak-po-derevenski-190-g-yumi-2040751824/,1
https://www.ozon.ru/product/shashlyk-svinoy-180-g-grillway-2086645534/,1
https://www.ozon.ru/product/antipasti-tomaty-vyalenye-s-myagkim-syrom-v-masle-280-g-burenka-club-1590819322/,1
https://www.ozon.ru/product/krem-sup-nabor-tomatnyy-200-ml-2-sht-tykvennyy-200-ml-1-sht-clever-foods-1656733208/,1
https://www.ozon.ru/product/krylya-kurinye-v-souse-teriyaki-300-g-miratorg-913543311/,1
https://www.ozon.ru/product/pasta-s-myasnym-sousom-i-syrom-250-g-kulinarium-2086645464/,0
https://www.ozon.ru/product/bitochek-iz-kuritsy-s-grechey-280-g-domashniy-ochag-2086645462/,1
https://www.ozon.ru/product/roll-tsezar-170-g-i-like-eat-2086645477/,1
https://www.ozon.ru/product/bliny-s-malinoy-280-g-miratorg-410072204/,1
https://www.ozon.ru/product/sardelka-s-tushenoy-kapustoy-220-g-eattery-2138150417/,1
https://www.ozon.ru/product/vafli-so-sgushchenkoy-180-g-eattery-2106485175/,1
https://www.ozon.ru/product/kotleta-iz-govyadiny-s-ovoshchami-280-g-ozon-fresh-1529062763/,0
https://www.ozon.ru/product/salat-tabule-s-bulgurom-200-g-eattery-2106485425/,0
https://www.ozon.ru/product/humus-ostryy-s-paprikoy-amfud-50-g-h-5-sht-sashe-799173405/,1
https://www.ozon.ru/product/vafli-s-vetchinoy-i-syrom-200-g-eattery-2106486410/,1
https://www.ozon.ru/product/sup-kurinyy-s-ptitimom-270-g-lavkalavka-1526620866/,1
https://www.ozon.ru/product/gamburger-130-g-eattery-2106485189/,0
https://www.ozon.ru/product/salat-s-morkovyu-i-syrom-170-g-eattery-2138150511/,1
